Product Title,Price,Rating (⭐ out of 5),No. of Ratings,Source
"vivo Y29 5G (Diamond Black, 128 GB)","₹15,499",4.4,700,Flipkart
"vivo Y29 5G (Diamond Black, 256 GB)","₹18,999",4.3,484,Flipkart
"vivo Y29 5G (Diamond Black, 128 GB)","₹13,999",4.3,351,Flipkart
"vivo Y29 5G (Diamond Black, 128 GB)","₹16,999",4.3,484,Flipkart
"Vivo Y29 5G 256 GB, 8 GB RAM, Dimond Black, Mobile Phone","₹18,999.00",N/A,N/A,Reliance Digital
"Vivo Y29 5G 128 GB, 8 GB RAM, Dimond Black, Mobile Phone","₹16,999.00",N/A,N/A,Reliance Digital
"Vivo Y29 5G 128 GB, 4 GB RAM, Dimond Black, Mobile Phone","₹13,999.00",N/A,N/A,Reliance Digital
"Vivo Y29 5G 256 GB, 8 GB RAM, Titanium Gold, Mobile Phone","₹18,999.00",N/A,N/A,Reliance Digital
"Vivo Y29 5G 128 GB, 6 GB RAM, Dimond Black, Mobile Phone","₹15,499.00",N/A,N/A,Reliance Digital
"vivo Y29 5G (6GB RAM, 128GB, Diamond Black)","₹15,499",5,5,Croma
"vivo Y29 5G (8GB RAM, 256GB, Diamond Black)","₹18,999",5,5,Croma
"vivo Y29 5G (4GB RAM, 128GB, Diamond Black)","₹13,999",5,5,Croma
"vivo Y29 5G (8GB RAM, 128GB, Diamond Black)","₹16,999",No Rating,No Data,Croma
"vivo Y200e 5G (6GB, 128GB ROM, Black Diamond)","₹18,999",No Rating,No Data,Croma
"vivo Y29 5G (Diamond Black, 128 GB)","₹15,499",4.4,700,Flipkart
"vivo Y29 5G (Diamond Black, 256 GB)","₹18,999",4.3,484,Flipkart
"vivo Y29 5G (Diamond Black, 128 GB)","₹13,999",4.3,351,Flipkart
"vivo Y29 5G (Diamond Black, 128 GB)","₹16,999",4.3,484,Flipkart
"Vivo Y29 5G 256 GB, 8 GB RAM, Dimond Black, Mobile Phone","₹18,999.00",N/A,N/A,Reliance Digital
"Vivo Y29 5G 128 GB, 8 GB RAM, Dimond Black, Mobile Phone","₹16,999.00",N/A,N/A,Reliance Digital
"Vivo Y29 5G 128 GB, 4 GB RAM, Dimond Black, Mobile Phone","₹13,999.00",N/A,N/A,Reliance Digital
"Vivo Y29 5G 256 GB, 8 GB RAM, Titanium Gold, Mobile Phone","₹18,999.00",N/A,N/A,Reliance Digital
"Vivo Y29 5G 128 GB, 6 GB RAM, Dimond Black, Mobile Phone","₹15,499.00",N/A,N/A,Reliance Digital
"vivo Y29 5G (6GB RAM, 128GB, Diamond Black)","₹15,499",5,5,Croma
"vivo Y29 5G (8GB RAM, 256GB, Diamond Black)","₹18,999",5,5,Croma
"vivo Y29 5G (4GB RAM, 128GB, Diamond Black)","₹13,999",5,5,Croma
"vivo Y29 5G (8GB RAM, 128GB, Diamond Black)","₹16,999",No Rating,No Data,Croma
"vivo Y200e 5G (6GB, 128GB ROM, Black Diamond)","₹18,999",No Rating,No Data,Croma
